序号,微信号 (aliasName),昵称 (nickName)
1,happaway-60,杨柳枝
2,liansuibi2020,黎安
3,SWS8888-12,星空
4,helloworld00151888,Buddha
5,Ll0406096,Elysia
6,JZi01_,大富大贵
7,ZQZ050705,祝余
8,tracychen0215,Tracy
9,zhtysysaxx,华曦
10,Oct-T-S-Miraitowa,^yu^
11,xiaoqzh081,LeafCloud.
12,Portablebattery,Portable
13,zwlkq68,黄泽敏
14,kyf15335979788,^
15,Laineyjin,亮金金
16,zhang-3205665611,谨道
17,BijoudemerDDS-SH,DDS江子梵
18,x2233925680,Vic
19,xw5352103022,小太阳
20,zzsqsa,晴夏
21,line1932025,维生素b一天三次
22,xiu18094251357,四小四小四
23,zs13356792470,一睡不起
24,yanmengship,阿狸是个机器人
25,J314159265357979,Gifted
26,q2656294061,浮光
27,ZLY17306589144,Z
28,Demko__carely-,Veni
29,Bellavita001,Aurelia
30,yx_yyyyy_x,coco*
31,daysleepZzz,晚上不睡白天不醒
32,Selina_19031301,清心
33,lelebuchifan,入梦
